Zona,Incidenti,Anno,Morti,Mese,Feriti
,50,2001,1,1,69
1.0,171,2001,0,1,209
2.0,91,2001,1,1,115
3.0,141,2001,1,1,187
4.0,105,2001,0,1,154
5.0,118,2001,0,1,173
6.0,98,2001,0,1,133
7.0,140,2001,3,1,186
8.0,141,2001,1,1,189
9.0,178,2001,1,1,275
,41,2001,0,2,59
1.0,161,2001,1,2,210
2.0,90,2001,1,2,136
3.0,147,2001,1,2,200
4.0,122,2001,1,2,165
5.0,95,2001,0,2,129
6.0,104,2001,1,2,139
7.0,113,2001,2,2,150
8.0,159,2001,3,2,213
9.0,156,2001,1,2,215
,51,2001,0,3,60
1.0,190,2001,1,3,245
2.0,82,2001,1,3,106
3.0,178,2001,1,3,260
4.0,130,2001,2,3,187
5.0,151,2001,1,3,237
6.0,111,2001,0,3,147
7.0,156,2001,0,3,214
8.0,189,2001,0,3,251
9.0,181,2001,1,3,270
,47,2001,1,4,63
1.0,164,2001,0,4,219
2.0,110,2001,1,4,141
3.0,177,2001,0,4,250
4.0,161,2001,1,4,233
5.0,128,2001,0,4,186
6.0,95,2001,1,4,130
7.0,128,2001,0,4,188
8.0,158,2001,1,4,221
9.0,201,2001,3,4,273
,54,2001,0,5,71
1.0,205,2001,0,5,267
2.0,87,2001,1,5,127
3.0,207,2001,1,5,287
4.0,194,2001,1,5,275
5.0,152,2001,0,5,204
6.0,137,2001,0,5,221
7.0,192,2001,1,5,271
8.0,229,2001,0,5,299
9.0,240,2001,0,5,331
,53,2001,1,6,81
1.0,237,2001,1,6,293
2.0,137,2001,0,6,186
3.0,211,2001,0,6,315
4.0,178,2001,1,6,247
5.0,202,2001,2,6,260
6.0,156,2001,0,6,197
7.0,206,2001,1,6,278
8.0,222,2001,2,6,307
9.0,240,2001,1,6,342
,52,2001,1,7,64
1.0,203,2001,0,7,258
2.0,107,2001,0,7,138
3.0,223,2001,2,7,301
4.0,181,2001,3,7,236
5.0,164,2001,0,7,240
6.0,128,2001,1,7,178
7.0,164,2001,1,7,218
8.0,208,2001,1,7,279
9.0,227,2001,0,7,311
,24,2001,0,8,37
1.0,85,2001,1,8,129
2.0,64,2001,2,8,88
3.0,112,2001,0,8,167
4.0,84,2001,0,8,117
5.0,87,2001,2,8,137
6.0,64,2001,1,8,88
7.0,84,2001,0,8,127
8.0,117,2001,0,8,155
9.0,127,2001,1,8,176
,50,2001,0,9,82
1.0,182,2001,0,9,248
2.0,106,2001,0,9,146
3.0,182,2001,0,9,261
4.0,155,2001,1,9,229
5.0,154,2001,1,9,218
6.0,116,2001,2,9,150
7.0,168,2001,0,9,230
8.0,188,2001,0,9,250
9.0,190,2001,2,9,261
,64,2001,0,10,91
1.0,216,2001,1,10,285
2.0,101,2001,0,10,138
3.0,225,2001,1,10,311
4.0,177,2001,1,10,233
5.0,143,2001,0,10,188
6.0,149,2001,0,10,203
7.0,181,2001,0,10,235
8.0,192,2001,1,10,257
9.0,227,2001,2,10,321
,66,2001,0,11,87
1.0,206,2001,0,11,279
2.0,99,2001,1,11,152
3.0,211,2001,1,11,285
4.0,159,2001,2,11,223
5.0,147,2001,1,11,194
6.0,126,2001,0,11,165
7.0,143,2001,1,11,192
8.0,213,2001,0,11,286
9.0,213,2001,0,11,307
,53,2001,0,12,81
1.0,187,2001,0,12,238
2.0,97,2001,0,12,116
3.0,162,2001,0,12,239
4.0,136,2001,1,12,181
5.0,152,2001,1,12,213
6.0,125,2001,1,12,197
7.0,153,2001,1,12,214
8.0,184,2001,1,12,250
9.0,207,2001,0,12,272
,41,2002,0,1,51
1.0,148,2002,1,1,201
2.0,81,2002,1,1,110
3.0,149,2002,1,1,208
4.0,126,2002,2,1,183
5.0,130,2002,0,1,182
6.0,125,2002,1,1,169
7.0,114,2002,0,1,151
8.0,153,2002,1,1,219
9.0,169,2002,0,1,225
,54,2002,0,2,73
1.0,144,2002,2,2,189
2.0,83,2002,0,2,105
3.0,153,2002,1,2,193
4.0,112,2002,2,2,148
5.0,112,2002,2,2,162
6.0,101,2002,2,2,132
7.0,119,2002,0,2,167
8.0,144,2002,1,2,196
9.0,170,2002,1,2,229
,50,2002,0,3,82
1.0,192,2002,0,3,258
2.0,97,2002,0,3,133
3.0,190,2002,1,3,264
4.0,119,2002,0,3,167
5.0,146,2002,1,3,197
6.0,135,2002,0,3,217
7.0,134,2002,0,3,172
8.0,166,2002,0,3,237
9.0,206,2002,1,3,294
,55,2002,0,4,79
1.0,168,2002,2,4,211
2.0,110,2002,0,4,170
3.0,180,2002,0,4,266
4.0,140,2002,1,4,201
5.0,138,2002,2,4,201
6.0,122,2002,0,4,156
7.0,151,2002,0,4,241
8.0,186,2002,4,4,251
9.0,189,2002,1,4,263
,63,2002,1,5,84
1.0,198,2002,0,5,243
2.0,120,2002,0,5,182
3.0,208,2002,0,5,282
4.0,169,2002,1,5,229
5.0,157,2002,1,5,216
6.0,119,2002,0,5,153
7.0,178,2002,1,5,265
8.0,185,2002,2,5,245
9.0,229,2002,0,5,314
,61,2002,0,6,80
1.0,168,2002,1,6,209
2.0,90,2002,0,6,110
3.0,211,2002,0,6,294
4.0,155,2002,2,6,221
5.0,166,2002,1,6,206
6.0,134,2002,0,6,207
7.0,161,2002,0,6,214
8.0,169,2002,2,6,232
9.0,204,2002,1,6,274
,87,2002,2,7,125
1.0,183,2002,0,7,238
2.0,119,2002,0,7,153
3.0,206,2002,0,7,277
4.0,172,2002,1,7,227
5.0,135,2002,2,7,197
6.0,147,2002,0,7,204
7.0,175,2002,0,7,240
8.0,220,2002,1,7,291
9.0,247,2002,2,7,335
,40,2002,0,8,57
1.0,84,2002,0,8,117
2.0,61,2002,0,8,95
3.0,109,2002,0,8,163
4.0,76,2002,0,8,105
5.0,73,2002,1,8,110
6.0,50,2002,0,8,70
7.0,90,2002,1,8,125
8.0,85,2002,1,8,120
9.0,124,2002,2,8,179
,53,2002,0,9,73
1.0,211,2002,0,9,260
2.0,105,2002,1,9,151
3.0,185,2002,0,9,237
4.0,154,2002,1,9,210
5.0,145,2002,0,9,209
6.0,135,2002,1,9,184
7.0,154,2002,1,9,208
8.0,205,2002,1,9,286
9.0,189,2002,0,9,264
,64,2002,0,10,86
1.0,225,2002,0,10,296
2.0,135,2002,2,10,171
3.0,235,2002,0,10,324
4.0,179,2002,1,10,239
5.0,135,2002,0,10,192
6.0,147,2002,0,10,189
7.0,190,2002,0,10,239
8.0,228,2002,1,10,298
9.0,240,2002,1,10,353
,57,2002,2,11,79
1.0,250,2002,1,11,327
2.0,131,2002,0,11,174
3.0,197,2002,0,11,276
4.0,183,2002,1,11,234
5.0,157,2002,1,11,228
6.0,138,2002,1,11,185
7.0,166,2002,1,11,243
8.0,223,2002,1,11,309
9.0,198,2002,0,11,270
,60,2002,0,12,87
1.0,206,2002,0,12,271
2.0,140,2002,0,12,191
3.0,162,2002,0,12,225
4.0,128,2002,0,12,181
5.0,115,2002,1,12,176
6.0,122,2002,0,12,166
7.0,142,2002,0,12,185
8.0,183,2002,0,12,294
9.0,165,2002,0,12,232
,45,2003,0,1,84
1.0,168,2003,1,1,235
2.0,94,2003,0,1,125
3.0,156,2003,0,1,215
4.0,108,2003,0,1,145
5.0,120,2003,0,1,160
6.0,87,2003,0,1,125
7.0,130,2003,1,1,186
8.0,162,2003,0,1,227
9.0,166,2003,0,1,232
,48,2003,0,2,70
1.0,145,2003,0,2,168
2.0,94,2003,0,2,128
3.0,147,2003,0,2,213
4.0,129,2003,0,2,187
5.0,113,2003,2,2,146
6.0,84,2003,1,2,126
7.0,111,2003,0,2,146
8.0,142,2003,1,2,206
9.0,133,2003,1,2,188
,57,2003,0,3,85
1.0,170,2003,0,3,218
2.0,101,2003,0,3,134
3.0,167,2003,1,3,229
4.0,159,2003,0,3,194
5.0,159,2003,2,3,229
6.0,118,2003,2,3,163
7.0,157,2003,0,3,228
8.0,181,2003,1,3,242
9.0,210,2003,2,3,323
,68,2003,0,4,87
1.0,180,2003,0,4,238
2.0,97,2003,1,4,140
3.0,170,2003,1,4,225
4.0,131,2003,0,4,183
5.0,142,2003,3,4,200
6.0,124,2003,0,4,171
7.0,136,2003,0,4,198
8.0,165,2003,0,4,198
9.0,194,2003,0,4,261
,74,2003,1,5,91
1.0,213,2003,0,5,260
2.0,112,2003,2,5,153
3.0,207,2003,1,5,301
4.0,180,2003,1,5,244
5.0,167,2003,2,5,222
6.0,136,2003,1,5,189
7.0,192,2003,0,5,257
8.0,211,2003,1,5,277
9.0,257,2003,1,5,364
,68,2003,1,6,89
1.0,189,2003,0,6,228
2.0,101,2003,1,6,135
3.0,188,2003,0,6,238
4.0,170,2003,0,6,222
5.0,152,2003,2,6,213
6.0,136,2003,1,6,180
7.0,199,2003,3,6,273
8.0,194,2003,2,6,256
9.0,230,2003,2,6,329
,55,2003,0,7,62
1.0,175,2003,0,7,207
2.0,99,2003,0,7,126
3.0,171,2003,0,7,220
4.0,147,2003,1,7,178
5.0,130,2003,1,7,167
6.0,135,2003,0,7,183
7.0,142,2003,2,7,189
8.0,181,2003,0,7,243
9.0,188,2003,0,7,231
,24,2003,0,8,24
1.0,64,2003,0,8,77
2.0,53,2003,2,8,68
3.0,92,2003,0,8,131
4.0,70,2003,2,8,99
5.0,55,2003,0,8,79
6.0,57,2003,0,8,78
7.0,87,2003,0,8,122
8.0,87,2003,0,8,119
9.0,110,2003,1,8,164
,57,2003,0,9,77
1.0,181,2003,0,9,233
2.0,86,2003,0,9,116
3.0,188,2003,1,9,263
4.0,116,2003,0,9,161
5.0,138,2003,1,9,184
6.0,119,2003,0,9,148
7.0,181,2003,1,9,230
8.0,172,2003,3,9,212
9.0,166,2003,3,9,215
,61,2003,0,10,88
1.0,222,2003,0,10,268
2.0,116,2003,1,10,145
3.0,234,2003,0,10,315
4.0,171,2003,2,10,231
5.0,146,2003,0,10,199
6.0,142,2003,0,10,183
7.0,190,2003,0,10,251
8.0,213,2003,1,10,284
9.0,211,2003,1,10,282
,50,2003,1,11,66
1.0,182,2003,1,11,225
2.0,88,2003,0,11,125
3.0,167,2003,0,11,228
4.0,127,2003,0,11,171
5.0,155,2003,0,11,196
6.0,135,2003,0,11,179
7.0,174,2003,2,11,229
8.0,162,2003,2,11,203
9.0,197,2003,1,11,291
,64,2003,0,12,90
1.0,167,2003,0,12,221
2.0,119,2003,0,12,161
3.0,174,2003,0,12,224
4.0,115,2003,0,12,155
5.0,151,2003,0,12,201
6.0,98,2003,0,12,133
7.0,169,2003,0,12,224
8.0,164,2003,0,12,220
9.0,185,2003,0,12,249
,39,2004,0,1,61
1.0,151,2004,1,1,172
2.0,84,2004,0,1,117
3.0,162,2004,0,1,205
4.0,115,2004,1,1,156
5.0,119,2004,0,1,163
6.0,101,2004,1,1,146
7.0,118,2004,1,1,170
8.0,151,2004,2,1,204
9.0,171,2004,0,1,241
,42,2004,0,2,55
1.0,144,2004,1,2,165
2.0,68,2004,0,2,93
3.0,136,2004,0,2,172
4.0,112,2004,0,2,165
5.0,126,2004,1,2,189
6.0,97,2004,1,2,135
7.0,114,2004,0,2,164
8.0,136,2004,1,2,186
9.0,157,2004,1,2,215
,55,2004,0,3,75
1.0,171,2004,0,3,229
2.0,90,2004,0,3,121
3.0,170,2004,0,3,218
4.0,120,2004,1,3,151
5.0,123,2004,1,3,174
6.0,96,2004,0,3,143
7.0,128,2004,0,3,162
8.0,159,2004,0,3,225
9.0,186,2004,0,3,244
,66,2004,0,4,91
1.0,165,2004,0,4,214
2.0,88,2004,1,4,124
3.0,177,2004,0,4,226
4.0,134,2004,1,4,187
5.0,134,2004,0,4,195
6.0,115,2004,0,4,143
7.0,166,2004,2,4,230
8.0,158,2004,0,4,220
9.0,188,2004,2,4,256
,63,2004,0,5,76
1.0,214,2004,0,5,292
2.0,110,2004,1,5,142
3.0,195,2004,1,5,259
4.0,151,2004,0,5,190
5.0,157,2004,2,5,223
6.0,129,2004,1,5,164
7.0,157,2004,0,5,217
8.0,189,2004,3,5,239
9.0,213,2004,1,5,297
,58,2004,2,6,74
1.0,172,2004,2,6,206
2.0,94,2004,1,6,129
3.0,206,2004,0,6,280
4.0,170,2004,1,6,211
5.0,174,2004,2,6,232
6.0,136,2004,1,6,178
7.0,179,2004,1,6,245
8.0,199,2004,0,6,263
9.0,189,2004,1,6,304
,71,2004,0,7,91
1.0,169,2004,0,7,208
2.0,96,2004,0,7,135
3.0,216,2004,0,7,295
4.0,142,2004,3,7,192
5.0,157,2004,1,7,210
6.0,103,2004,0,7,131
7.0,162,2004,0,7,203
8.0,201,2004,0,7,264
9.0,212,2004,0,7,274
,30,2004,0,8,37
1.0,56,2004,0,8,76
2.0,64,2004,0,8,98
3.0,101,2004,0,8,137
4.0,58,2004,0,8,84
5.0,78,2004,0,8,106
6.0,60,2004,0,8,71
7.0,63,2004,1,8,88
8.0,79,2004,0,8,100
9.0,110,2004,1,8,150
,66,2004,1,9,88
1.0,177,2004,0,9,221
2.0,113,2004,0,9,156
3.0,182,2004,0,9,248
4.0,146,2004,1,9,174
5.0,137,2004,2,9,190
6.0,106,2004,0,9,132
7.0,161,2004,1,9,223
8.0,184,2004,0,9,257
9.0,188,2004,1,9,267
,73,2004,0,10,100
1.0,223,2004,2,10,278
2.0,118,2004,0,10,165
3.0,243,2004,1,10,321
4.0,177,2004,1,10,226
5.0,149,2004,2,10,200
6.0,127,2004,1,10,165
7.0,157,2004,1,10,196
8.0,222,2004,0,10,297
9.0,221,2004,1,10,308
,59,2004,0,11,80
1.0,159,2004,0,11,200
2.0,79,2004,0,11,117
3.0,203,2004,0,11,267
4.0,135,2004,0,11,194
5.0,130,2004,2,11,187
6.0,106,2004,0,11,149
7.0,115,2004,1,11,144
8.0,179,2004,1,11,256
9.0,210,2004,4,11,277
,60,2004,0,12,84
1.0,157,2004,0,12,200
2.0,97,2004,1,12,135
3.0,164,2004,0,12,238
4.0,119,2004,0,12,153
5.0,139,2004,3,12,193
6.0,111,2004,1,12,159
7.0,130,2004,1,12,169
8.0,194,2004,1,12,245
9.0,185,2004,0,12,271
,41,2005,0,1,56
1.0,125,2005,1,1,159
2.0,76,2005,0,1,111
3.0,151,2005,1,1,203
4.0,108,2005,0,1,139
5.0,111,2005,1,1,164
6.0,97,2005,1,1,137
7.0,97,2005,0,1,144
8.0,130,2005,4,1,175
9.0,132,2005,0,1,194
,50,2005,0,2,64
1.0,146,2005,2,2,193
2.0,75,2005,0,2,104
3.0,139,2005,0,2,196
4.0,112,2005,1,2,136
5.0,120,2005,1,2,173
6.0,87,2005,2,2,130
7.0,87,2005,1,2,119
8.0,134,2005,3,2,178
9.0,148,2005,0,2,200
,57,2005,0,3,82
1.0,133,2005,1,3,157
2.0,75,2005,0,3,100
3.0,150,2005,1,3,210
4.0,100,2005,2,3,123
5.0,129,2005,1,3,169
6.0,101,2005,1,3,130
7.0,126,2005,1,3,170
8.0,167,2005,1,3,217
9.0,147,2005,2,3,206
,59,2005,0,4,82
1.0,166,2005,1,4,209
2.0,73,2005,0,4,90
3.0,145,2005,0,4,195
4.0,146,2005,1,4,193
5.0,138,2005,2,4,205
6.0,123,2005,0,4,149
7.0,141,2005,0,4,185
8.0,132,2005,1,4,173
9.0,186,2005,0,4,256
,79,2005,0,5,95
1.0,210,2005,1,5,278
2.0,102,2005,1,5,138
3.0,193,2005,1,5,249
4.0,152,2005,1,5,206
5.0,118,2005,0,5,163
6.0,109,2005,0,5,140
7.0,166,2005,1,5,224
8.0,201,2005,1,5,249
9.0,210,2005,1,5,296
,61,2005,0,6,78
1.0,162,2005,1,6,200
2.0,98,2005,0,6,128
3.0,185,2005,0,6,241
4.0,118,2005,1,6,168
5.0,142,2005,0,6,218
6.0,116,2005,0,6,147
7.0,142,2005,0,6,198
8.0,216,2005,0,6,287
9.0,196,2005,2,6,264
,61,2005,2,7,80
1.0,156,2005,0,7,194
2.0,101,2005,0,7,130
3.0,195,2005,1,7,257
4.0,166,2005,0,7,224
5.0,151,2005,0,7,222
6.0,110,2005,0,7,136
7.0,153,2005,2,7,195
8.0,160,2005,0,7,219
9.0,172,2005,0,7,242
,39,2005,0,8,51
1.0,79,2005,0,8,111
2.0,65,2005,0,8,94
3.0,106,2005,2,8,139
4.0,76,2005,1,8,97
5.0,87,2005,0,8,120
6.0,66,2005,0,8,87
7.0,83,2005,1,8,104
8.0,77,2005,0,8,102
9.0,118,2005,0,8,164
,64,2005,0,9,96
1.0,172,2005,1,9,209
2.0,99,2005,1,9,129
3.0,153,2005,1,9,201
4.0,127,2005,1,9,183
5.0,124,2005,1,9,175
6.0,119,2005,1,9,157
7.0,144,2005,0,9,188
8.0,157,2005,4,9,203
9.0,183,2005,0,9,246
,64,2005,0,10,89
1.0,193,2005,1,10,257
2.0,107,2005,0,10,162
3.0,162,2005,1,10,192
4.0,123,2005,0,10,166
5.0,140,2005,1,10,195
6.0,96,2005,0,10,120
7.0,163,2005,0,10,204
8.0,155,2005,1,10,201
9.0,205,2005,3,10,285
,79,2005,2,11,124
1.0,180,2005,1,11,221
2.0,89,2005,0,11,128
3.0,171,2005,0,11,234
4.0,152,2005,0,11,197
5.0,133,2005,0,11,180
6.0,116,2005,0,11,147
7.0,133,2005,1,11,181
8.0,225,2005,1,11,305
9.0,177,2005,0,11,237
,62,2005,1,12,84
1.0,145,2005,0,12,202
2.0,63,2005,0,12,94
3.0,130,2005,0,12,192
4.0,99,2005,0,12,137
5.0,119,2005,0,12,181
6.0,92,2005,1,12,120
7.0,123,2005,2,12,156
8.0,144,2005,2,12,186
9.0,142,2005,2,12,208
,50,2006,1,1,62
1.0,183,2006,1,1,222
2.0,76,2006,0,1,103
3.0,154,2006,0,1,208
4.0,102,2006,0,1,145
5.0,114,2006,0,1,160
6.0,87,2006,0,1,111
7.0,136,2006,3,1,180
8.0,143,2006,3,1,197
9.0,162,2006,0,1,240
,40,2006,2,2,52
1.0,100,2006,2,2,124
2.0,63,2006,1,2,109
3.0,120,2006,1,2,154
4.0,107,2006,2,2,145
5.0,88,2006,0,2,123
6.0,71,2006,1,2,88
7.0,105,2006,3,2,128
8.0,116,2006,3,2,149
9.0,130,2006,0,2,177
,79,2006,0,3,105
1.0,147,2006,0,3,193
2.0,79,2006,0,3,96
3.0,163,2006,0,3,211
4.0,153,2006,0,3,205
5.0,126,2006,1,3,176
6.0,86,2006,1,3,133
7.0,116,2006,1,3,152
8.0,184,2006,1,3,234
9.0,163,2006,0,3,214
,48,2006,1,4,61
1.0,163,2006,2,4,205
2.0,100,2006,0,4,137
3.0,141,2006,0,4,200
4.0,108,2006,0,4,165
5.0,102,2006,1,4,139
6.0,108,2006,0,4,137
7.0,115,2006,0,4,155
8.0,145,2006,0,4,209
9.0,144,2006,1,4,195
,71,2006,1,5,102
1.0,183,2006,0,5,229
2.0,99,2006,0,5,145
3.0,158,2006,1,5,210
4.0,143,2006,1,5,198
5.0,140,2006,2,5,194
6.0,132,2006,0,5,165
7.0,124,2006,0,5,150
8.0,191,2006,0,5,243
9.0,170,2006,1,5,246
,62,2006,0,6,79
1.0,171,2006,0,6,213
2.0,103,2006,0,6,137
3.0,171,2006,1,6,219
4.0,147,2006,1,6,195
5.0,138,2006,4,6,180
6.0,114,2006,0,6,147
7.0,163,2006,1,6,216
8.0,194,2006,0,6,256
9.0,202,2006,0,6,283
,60,2006,0,7,74
1.0,157,2006,0,7,206
2.0,92,2006,0,7,121
3.0,174,2006,1,7,233
4.0,123,2006,1,7,177
5.0,124,2006,2,7,165
6.0,109,2006,0,7,144
7.0,141,2006,3,7,185
8.0,188,2006,3,7,249
9.0,174,2006,4,7,249
,29,2006,0,8,40
1.0,69,2006,0,8,80
2.0,59,2006,0,8,88
3.0,80,2006,0,8,109
4.0,75,2006,0,8,122
5.0,54,2006,1,8,73
6.0,49,2006,1,8,71
7.0,85,2006,1,8,129
8.0,74,2006,1,8,93
9.0,108,2006,1,8,175
,50,2006,0,9,73
1.0,143,2006,0,9,180
2.0,89,2006,1,9,120
3.0,171,2006,1,9,229
4.0,128,2006,0,9,186
5.0,118,2006,1,9,161
6.0,107,2006,0,9,135
7.0,102,2006,0,9,137
8.0,186,2006,1,9,249
9.0,169,2006,0,9,232
,62,2006,0,10,82
1.0,173,2006,1,10,220
2.0,96,2006,0,10,121
3.0,158,2006,1,10,192
4.0,162,2006,1,10,221
5.0,166,2006,1,10,224
6.0,131,2006,1,10,169
7.0,127,2006,1,10,166
8.0,211,2006,1,10,277
9.0,185,2006,1,10,257
,68,2006,0,11,91
1.0,175,2006,0,11,221
2.0,92,2006,0,11,129
3.0,184,2006,1,11,256
4.0,150,2006,0,11,220
5.0,124,2006,0,11,174
6.0,106,2006,1,11,147
7.0,138,2006,0,11,179
8.0,181,2006,1,11,234
9.0,218,2006,1,11,299
,56,2006,0,12,73
1.0,145,2006,0,12,197
2.0,63,2006,0,12,92
3.0,147,2006,2,12,197
4.0,129,2006,1,12,182
5.0,103,2006,0,12,134
6.0,104,2006,1,12,135
7.0,144,2006,0,12,189
8.0,183,2006,3,12,235
9.0,191,2006,0,12,266
,53,2007,0,1,62
1.0,143,2007,0,1,182
2.0,89,2007,1,1,115
3.0,156,2007,0,1,212
4.0,86,2007,1,1,120
5.0,94,2007,1,1,130
6.0,87,2007,0,1,119
7.0,111,2007,0,1,146
8.0,151,2007,1,1,199
9.0,153,2007,0,1,194
,36,2007,1,2,51
1.0,127,2007,0,2,156
2.0,65,2007,0,2,97
3.0,125,2007,3,2,170
4.0,96,2007,1,2,127
5.0,114,2007,0,2,157
6.0,101,2007,1,2,160
7.0,123,2007,1,2,162
8.0,150,2007,0,2,204
9.0,121,2007,1,2,179
,59,2007,0,3,75
1.0,152,2007,1,3,198
2.0,69,2007,2,3,90
3.0,140,2007,1,3,183
4.0,124,2007,1,3,157
5.0,132,2007,1,3,190
6.0,130,2007,3,3,166
7.0,120,2007,1,3,159
8.0,169,2007,0,3,210
9.0,176,2007,2,3,247
,52,2007,0,4,61
1.0,112,2007,1,4,154
2.0,79,2007,1,4,104
3.0,142,2007,2,4,190
4.0,115,2007,1,4,163
5.0,124,2007,1,4,178
6.0,116,2007,0,4,160
7.0,132,2007,0,4,183
8.0,139,2007,0,4,194
9.0,180,2007,0,4,256
,60,2007,0,5,77
1.0,173,2007,0,5,228
2.0,113,2007,0,5,141
3.0,144,2007,0,5,189
4.0,134,2007,3,5,194
5.0,126,2007,1,5,164
6.0,120,2007,0,5,161
7.0,143,2007,0,5,190
8.0,160,2007,2,5,214
9.0,211,2007,0,5,286
,55,2007,1,6,76
1.0,148,2007,2,6,190
2.0,84,2007,2,6,113
3.0,176,2007,0,6,242
4.0,128,2007,0,6,167
5.0,128,2007,0,6,164
6.0,118,2007,1,6,164
7.0,160,2007,1,6,227
8.0,158,2007,1,6,200
9.0,160,2007,0,6,235
,40,2007,0,7,52
1.0,157,2007,0,7,192
2.0,101,2007,2,7,135
3.0,176,2007,0,7,228
4.0,146,2007,1,7,203
5.0,141,2007,1,7,186
6.0,132,2007,1,7,172
7.0,124,2007,1,7,164
8.0,146,2007,3,7,205
9.0,173,2007,0,7,260
,26,2007,0,8,35
1.0,67,2007,0,8,85
2.0,44,2007,0,8,68
3.0,72,2007,0,8,94
4.0,63,2007,2,8,89
5.0,77,2007,0,8,107
6.0,60,2007,2,8,85
7.0,55,2007,0,8,65
8.0,84,2007,1,8,119
9.0,90,2007,2,8,137
,47,2007,0,9,56
1.0,154,2007,0,9,184
2.0,84,2007,0,9,112
3.0,168,2007,1,9,227
4.0,131,2007,0,9,170
5.0,142,2007,1,9,194
6.0,111,2007,0,9,146
7.0,130,2007,1,9,169
8.0,165,2007,1,9,207
9.0,175,2007,0,9,250
,45,2007,0,10,58
1.0,180,2007,0,10,231
2.0,92,2007,0,10,117
3.0,157,2007,0,10,208
4.0,145,2007,0,10,183
5.0,126,2007,1,10,149
6.0,121,2007,2,10,143
7.0,144,2007,4,10,181
8.0,176,2007,1,10,229
9.0,184,2007,1,10,251
,53,2007,0,11,73
1.0,164,2007,0,11,210
2.0,86,2007,0,11,117
3.0,149,2007,2,11,189
4.0,105,2007,0,11,131
5.0,121,2007,1,11,182
6.0,121,2007,2,11,156
7.0,144,2007,2,11,184
8.0,171,2007,1,11,234
9.0,188,2007,0,11,255
,48,2007,0,12,65
1.0,146,2007,0,12,183
2.0,68,2007,0,12,84
3.0,130,2007,0,12,167
4.0,110,2007,0,12,147
5.0,107,2007,1,12,142
6.0,85,2007,0,12,109
7.0,109,2007,0,12,162
8.0,133,2007,0,12,193
9.0,145,2007,0,12,196
,36,2008,2,1,55
1.0,100,2008,1,1,136
2.0,62,2008,0,1,88
3.0,125,2008,0,1,171
4.0,108,2008,1,1,145
5.0,88,2008,0,1,143
6.0,78,2008,1,1,104
7.0,92,2008,0,1,122
8.0,157,2008,2,1,222
9.0,144,2008,0,1,208
,43,2008,1,2,61
1.0,135,2008,1,2,211
2.0,81,2008,0,2,106
3.0,142,2008,0,2,190
4.0,110,2008,0,2,149
5.0,104,2008,0,2,145
6.0,80,2008,2,2,104
7.0,101,2008,1,2,136
8.0,132,2008,0,2,175
9.0,151,2008,1,2,211
,31,2008,0,3,42
1.0,138,2008,0,3,171
2.0,88,2008,0,3,124
3.0,151,2008,1,3,221
4.0,102,2008,0,3,142
5.0,120,2008,1,3,164
6.0,107,2008,1,3,143
7.0,116,2008,0,3,159
8.0,161,2008,0,3,212
9.0,164,2008,3,3,243
,48,2008,0,4,67
1.0,130,2008,1,4,161
2.0,101,2008,0,4,132
3.0,146,2008,0,4,182
4.0,114,2008,0,4,168
5.0,124,2008,1,4,172
6.0,109,2008,0,4,147
7.0,133,2008,0,4,180
8.0,163,2008,1,4,219
9.0,143,2008,1,4,202
,42,2008,2,5,54
1.0,113,2008,0,5,148
2.0,81,2008,0,5,126
3.0,159,2008,1,5,216
4.0,115,2008,1,5,151
5.0,106,2008,0,5,151
6.0,98,2008,1,5,134
7.0,151,2008,2,5,210
8.0,143,2008,3,5,197
9.0,136,2008,1,5,187
,47,2008,0,6,62
1.0,124,2008,0,6,162
2.0,87,2008,0,6,115
3.0,159,2008,1,6,205
4.0,134,2008,0,6,191
5.0,108,2008,1,6,152
6.0,102,2008,2,6,135
7.0,142,2008,1,6,189
8.0,147,2008,0,6,190
9.0,155,2008,1,6,222
,42,2008,1,7,57
1.0,132,2008,0,7,164
2.0,80,2008,0,7,103
3.0,171,2008,0,7,221
4.0,104,2008,1,7,131
5.0,119,2008,2,7,152
6.0,101,2008,0,7,143
7.0,136,2008,0,7,176
8.0,147,2008,1,7,185
9.0,146,2008,0,7,198
,23,2008,0,8,29
1.0,42,2008,2,8,56
2.0,34,2008,0,8,41
3.0,63,2008,0,8,95
4.0,57,2008,0,8,71
5.0,65,2008,2,8,92
6.0,47,2008,0,8,60
7.0,69,2008,0,8,101
8.0,79,2008,0,8,105
9.0,96,2008,0,8,128
,36,2008,1,9,45
1.0,157,2008,0,9,199
2.0,76,2008,0,9,102
3.0,126,2008,1,9,179
4.0,125,2008,0,9,176
5.0,132,2008,3,9,175
6.0,114,2008,1,9,170
7.0,134,2008,1,9,176
8.0,151,2008,0,9,185
9.0,147,2008,1,9,197
,58,2008,0,10,82
1.0,157,2008,0,10,212
2.0,84,2008,0,10,103
3.0,182,2008,2,10,221
4.0,137,2008,1,10,176
5.0,144,2008,1,10,229
6.0,129,2008,2,10,159
7.0,123,2008,0,10,179
8.0,187,2008,0,10,234
9.0,177,2008,1,10,220
,55,2008,0,11,71
1.0,165,2008,0,11,199
2.0,86,2008,0,11,110
3.0,162,2008,0,11,222
4.0,115,2008,0,11,152
5.0,116,2008,1,11,138
6.0,93,2008,0,11,121
7.0,117,2008,0,11,154
8.0,161,2008,1,11,213
9.0,161,2008,0,11,214
,37,2008,1,12,51
1.0,109,2008,0,12,133
2.0,56,2008,0,12,73
3.0,129,2008,1,12,178
4.0,101,2008,1,12,128
5.0,83,2008,0,12,117
6.0,74,2008,0,12,103
7.0,111,2008,2,12,148
8.0,119,2008,0,12,161
9.0,143,2008,1,12,189
,33,2009,0,1,45
1.0,114,2009,0,1,141
2.0,56,2009,0,1,78
3.0,103,2009,0,1,135
4.0,69,2009,0,1,87
5.0,83,2009,0,1,122
6.0,75,2009,0,1,105
7.0,98,2009,0,1,133
8.0,88,2009,0,1,126
9.0,134,2009,1,1,176
,31,2009,0,2,42
1.0,103,2009,1,2,127
2.0,52,2009,0,2,75
3.0,104,2009,0,2,141
4.0,75,2009,2,2,90
5.0,69,2009,0,2,106
6.0,83,2009,0,2,108
7.0,92,2009,1,2,120
8.0,105,2009,1,2,143
9.0,112,2009,1,2,144
,55,2009,1,3,69
1.0,159,2009,0,3,191
2.0,68,2009,0,3,91
3.0,130,2009,0,3,178
4.0,110,2009,0,3,142
5.0,115,2009,0,3,168
6.0,94,2009,0,3,118
7.0,129,2009,0,3,171
8.0,136,2009,0,3,162
9.0,133,2009,1,3,185
,52,2009,1,4,75
1.0,121,2009,1,4,154
2.0,66,2009,0,4,99
3.0,122,2009,0,4,169
4.0,103,2009,0,4,133
5.0,109,2009,2,4,156
6.0,95,2009,0,4,126
7.0,96,2009,0,4,120
8.0,134,2009,1,4,172
9.0,146,2009,1,4,211
,32,2009,0,5,41
1.0,144,2009,0,5,179
2.0,88,2009,0,5,115
3.0,157,2009,0,5,190
4.0,116,2009,0,5,145
5.0,110,2009,0,5,153
6.0,118,2009,0,5,156
7.0,150,2009,1,5,197
8.0,160,2009,1,5,198
9.0,145,2009,0,5,191
,34,2009,0,6,46
1.0,134,2009,0,6,175
2.0,89,2009,0,6,120
3.0,137,2009,0,6,189
4.0,143,2009,1,6,199
5.0,123,2009,2,6,175
6.0,113,2009,2,6,149
7.0,124,2009,0,6,172
8.0,178,2009,0,6,238
9.0,164,2009,2,6,223
,52,2009,0,7,68
1.0,147,2009,0,7,175
2.0,80,2009,0,7,108
3.0,130,2009,1,7,177
4.0,122,2009,1,7,161
5.0,119,2009,1,7,157
6.0,109,2009,0,7,144
7.0,126,2009,0,7,161
8.0,140,2009,0,7,179
9.0,142,2009,0,7,196
,27,2009,0,8,32
1.0,56,2009,0,8,79
2.0,31,2009,0,8,42
3.0,73,2009,0,8,100
4.0,65,2009,1,8,101
5.0,65,2009,0,8,97
6.0,53,2009,1,8,75
7.0,65,2009,1,8,98
8.0,77,2009,1,8,101
9.0,74,2009,2,8,113
,45,2009,0,9,66
1.0,144,2009,0,9,182
2.0,78,2009,1,9,120
3.0,131,2009,0,9,176
4.0,112,2009,2,9,148
5.0,107,2009,0,9,151
6.0,99,2009,1,9,136
7.0,126,2009,1,9,148
8.0,121,2009,2,9,153
9.0,166,2009,0,9,228
,53,2009,1,10,75
1.0,187,2009,0,10,241
2.0,96,2009,1,10,143
3.0,145,2009,0,10,201
4.0,136,2009,1,10,184
5.0,124,2009,0,10,168
6.0,114,2009,0,10,151
7.0,102,2009,0,10,130
8.0,159,2009,0,10,211
9.0,157,2009,1,10,198
,44,2009,0,11,63
1.0,149,2009,0,11,196
2.0,74,2009,0,11,106
3.0,158,2009,0,11,212
4.0,124,2009,1,11,169
5.0,125,2009,1,11,172
6.0,82,2009,1,11,106
7.0,115,2009,1,11,146
8.0,141,2009,0,11,196
9.0,138,2009,1,11,182
,36,2009,0,12,50
1.0,94,2009,0,12,122
2.0,66,2009,0,12,88
3.0,117,2009,1,12,149
4.0,91,2009,0,12,127
5.0,83,2009,0,12,108
6.0,85,2009,0,12,108
7.0,85,2009,0,12,110
8.0,121,2009,1,12,175
9.0,136,2009,0,12,193
,39,2010,4,1,46
1.0,108,2010,0,1,141
2.0,45,2010,0,1,76
3.0,104,2010,1,1,140
4.0,76,2010,0,1,108
5.0,58,2010,0,1,83
6.0,83,2010,1,1,106
7.0,82,2010,1,1,103
8.0,118,2010,0,1,172
9.0,116,2010,0,1,163
,30,2010,0,2,40
1.0,116,2010,1,2,161
2.0,58,2010,0,2,69
3.0,117,2010,0,2,171
4.0,65,2010,1,2,86
5.0,83,2010,0,2,121
6.0,73,2010,0,2,97
7.0,78,2010,0,2,105
8.0,98,2010,2,2,129
9.0,120,2010,0,2,167
,57,2010,0,3,80
1.0,127,2010,0,3,158
2.0,53,2010,0,3,74
3.0,140,2010,1,3,198
4.0,108,2010,1,3,147
5.0,113,2010,0,3,143
6.0,85,2010,0,3,116
7.0,104,2010,1,3,131
8.0,146,2010,0,3,189
9.0,174,2010,1,3,235
,48,2010,0,4,70
1.0,133,2010,1,4,169
2.0,70,2010,0,4,86
3.0,125,2010,0,4,173
4.0,119,2010,2,4,161
5.0,122,2010,0,4,174
6.0,109,2010,0,4,148
7.0,105,2010,1,4,152
8.0,138,2010,0,4,183
9.0,144,2010,0,4,193
,53,2010,0,5,68
1.0,147,2010,1,5,179
2.0,76,2010,0,5,103
3.0,138,2010,0,5,195
4.0,135,2010,1,5,200
5.0,123,2010,1,5,158
6.0,107,2010,0,5,142
7.0,106,2010,1,5,143
8.0,143,2010,0,5,196
9.0,126,2010,0,5,168
,53,2010,0,6,76
1.0,130,2010,0,6,170
2.0,75,2010,1,6,98
3.0,149,2010,0,6,205
4.0,122,2010,1,6,155
5.0,117,2010,1,6,162
6.0,87,2010,0,6,115
7.0,126,2010,1,6,175
8.0,140,2010,0,6,169
9.0,134,2010,0,6,189
,33,2010,0,7,38
1.0,121,2010,0,7,167
2.0,85,2010,1,7,116
3.0,135,2010,1,7,185
4.0,131,2010,3,7,183
5.0,107,2010,1,7,143
6.0,99,2010,1,7,138
7.0,99,2010,0,7,125
8.0,110,2010,1,7,151
9.0,153,2010,1,7,204
,27,2010,0,8,40
1.0,35,2010,0,8,46
2.0,37,2010,0,8,53
3.0,72,2010,0,8,113
4.0,49,2010,0,8,70
5.0,57,2010,2,8,89
6.0,47,2010,0,8,65
7.0,53,2010,1,8,80
8.0,79,2010,0,8,99
9.0,74,2010,0,8,108
,51,2010,0,9,69
1.0,121,2010,0,9,154
2.0,73,2010,0,9,100
3.0,114,2010,0,9,145
4.0,100,2010,0,9,138
5.0,106,2010,0,9,135
6.0,65,2010,2,9,84
7.0,106,2010,0,9,134
8.0,136,2010,1,9,181
9.0,150,2010,2,9,207
,46,2010,0,10,64
1.0,142,2010,1,10,182
2.0,76,2010,0,10,96
3.0,131,2010,0,10,188
4.0,130,2010,0,10,192
5.0,118,2010,0,10,162
6.0,76,2010,0,10,99
7.0,115,2010,1,10,152
8.0,131,2010,0,10,164
9.0,181,2010,0,10,252
,52,2010,1,11,76
1.0,166,2010,0,11,201
2.0,71,2010,0,11,95
3.0,124,2010,0,11,157
4.0,92,2010,0,11,126
5.0,112,2010,0,11,162
6.0,90,2010,0,11,123
7.0,107,2010,0,11,141
8.0,135,2010,1,11,170
9.0,126,2010,1,11,178
,46,2010,0,12,69
1.0,103,2010,0,12,133
2.0,48,2010,0,12,61
3.0,119,2010,0,12,158
4.0,90,2010,0,12,132
5.0,80,2010,0,12,117
6.0,81,2010,0,12,102
7.0,89,2010,0,12,120
8.0,119,2010,2,12,148
9.0,117,2010,2,12,156
,34,2011,0,1,45
1.0,82,2011,1,1,110
2.0,44,2011,0,1,72
3.0,75,2011,0,1,119
4.0,71,2011,0,1,107
5.0,75,2011,1,1,110
6.0,68,2011,1,1,99
7.0,67,2011,0,1,83
8.0,76,2011,1,1,106
9.0,109,2011,0,1,147
,46,2011,1,2,70
1.0,85,2011,0,2,104
2.0,57,2011,0,2,83
3.0,114,2011,0,2,154
4.0,67,2011,1,2,87
5.0,93,2011,1,2,132
6.0,83,2011,0,2,105
7.0,76,2011,0,2,100
8.0,102,2011,0,2,136
9.0,110,2011,0,2,147
,96,2011,0,3,137
1.0,105,2011,0,3,131
2.0,69,2011,0,3,90
3.0,112,2011,0,3,145
4.0,100,2011,2,3,125
5.0,80,2011,0,3,115
6.0,83,2011,1,3,123
7.0,105,2011,2,3,150
8.0,118,2011,0,3,153
9.0,128,2011,0,3,190
,180,2011,0,4,236
1.0,103,2011,0,4,131
2.0,72,2011,0,4,93
3.0,115,2011,0,4,151
4.0,88,2011,0,4,112
5.0,78,2011,0,4,110
6.0,100,2011,0,4,136
7.0,107,2011,1,4,145
8.0,96,2011,0,4,119
9.0,102,2011,0,4,136
,350,2011,1,5,462
1.0,102,2011,0,5,130
2.0,59,2011,0,5,77
3.0,110,2011,0,5,138
4.0,75,2011,0,5,101
5.0,61,2011,0,5,90
6.0,59,2011,1,5,86
7.0,99,2011,0,5,136
8.0,131,2011,0,5,167
9.0,127,2011,1,5,159
,43,2013,0,7,47
1.0,114,2013,0,7,143
2.0,56,2013,2,7,73
3.0,92,2013,0,7,107
4.0,86,2013,0,7,103
5.0,91,2013,0,7,120
6.0,75,2013,0,7,94
7.0,81,2013,0,7,114
8.0,135,2013,0,7,176
9.0,107,2013,0,7,143
,34,2013,0,8,49
1.0,30,2013,1,8,40
2.0,30,2013,0,8,38
3.0,50,2013,0,8,67
4.0,48,2013,0,8,65
5.0,45,2013,0,8,52
6.0,38,2013,0,8,49
7.0,70,2013,0,8,99
8.0,63,2013,0,8,87
9.0,75,2013,0,8,100
,50,2013,0,9,62
1.0,112,2013,0,9,142
2.0,40,2013,0,9,50
3.0,109,2013,0,9,144
4.0,85,2013,1,9,118
5.0,82,2013,0,9,110
6.0,98,2013,0,9,134
7.0,78,2013,0,9,98
8.0,114,2013,0,9,148
,361,2011,2,6,480
1.0,79,2011,0,6,98
2.0,50,2011,0,6,59
3.0,95,2011,0,6,122
4.0,63,2011,0,6,83
5.0,75,2011,0,6,105
6.0,73,2011,1,6,97
7.0,55,2011,0,6,80
8.0,52,2011,0,6,67
9.0,72,2011,0,6,108
,47,2011,0,7,63
1.0,83,2011,0,7,100
2.0,74,2011,1,7,93
3.0,123,2011,0,7,163
4.0,96,2011,0,7,136
5.0,80,2011,0,7,112
6.0,77,2011,0,7,104
7.0,94,2011,0,7,137
8.0,105,2011,0,7,151
9.0,131,2011,0,7,172
,42,2011,0,8,56
1.0,35,2011,0,8,51
2.0,28,2011,0,8,34
3.0,52,2011,0,8,76
4.0,36,2011,0,8,50
5.0,35,2011,0,8,46
6.0,37,2011,1,8,46
7.0,51,2011,2,8,70
8.0,56,2011,1,8,82
9.0,68,2011,0,8,92
,241,2011,1,9,311
1.0,119,2011,0,9,148
2.0,64,2011,0,9,96
3.0,113,2011,0,9,139
4.0,64,2011,1,9,78
5.0,97,2011,1,9,125
6.0,73,2011,0,9,103
7.0,80,2011,0,9,110
8.0,92,2011,1,9,121
9.0,126,2011,0,9,175
,439,2011,0,10,546
1.0,77,2011,0,10,91
2.0,61,2011,0,10,73
3.0,131,2011,0,10,174
4.0,73,2011,0,10,99
5.0,64,2011,0,10,90
6.0,65,2011,0,10,89
7.0,74,2011,0,10,93
8.0,53,2011,0,10,66
9.0,108,2011,0,10,143
,394,2011,3,11,557
1.0,149,2011,0,11,188
2.0,61,2011,0,11,88
3.0,123,2011,2,11,156
4.0,85,2011,0,11,105
5.0,97,2011,0,11,156
6.0,86,2011,1,11,120
7.0,106,2011,1,11,142
8.0,110,2011,0,11,154
9.0,106,2011,0,11,155
,31,2011,0,12,35
1.0,109,2011,0,12,127
2.0,63,2011,0,12,85
3.0,110,2011,0,12,148
4.0,88,2011,1,12,123
5.0,68,2011,0,12,94
6.0,75,2011,0,12,120
7.0,102,2011,0,12,126
8.0,112,2011,0,12,158
9.0,141,2011,1,12,194
,44,2012,0,1,70
1.0,133,2012,0,1,162
2.0,66,2012,1,1,80
3.0,102,2012,0,1,126
4.0,78,2012,0,1,127
5.0,70,2012,0,1,89
6.0,62,2012,1,1,78
7.0,105,2012,1,1,146
8.0,99,2012,0,1,149
9.0,125,2012,2,1,168
,36,2012,0,2,47
1.0,70,2012,0,2,88
2.0,50,2012,0,2,69
3.0,83,2012,0,2,114
4.0,82,2012,0,2,106
5.0,70,2012,0,2,92
6.0,58,2012,1,2,74
7.0,80,2012,0,2,119
8.0,81,2012,0,2,109
9.0,96,2012,0,2,132
,36,2012,0,3,41
1.0,127,2012,0,3,153
2.0,78,2012,1,3,95
3.0,112,2012,0,3,138
4.0,97,2012,0,3,117
5.0,83,2012,0,3,127
6.0,95,2012,1,3,125
7.0,97,2012,0,3,130
8.0,102,2012,0,3,137
9.0,126,2012,1,3,175
,40,2012,0,4,63
1.0,75,2012,1,4,91
2.0,73,2012,1,4,89
3.0,105,2012,0,4,160
4.0,82,2012,0,4,116
5.0,81,2012,1,4,125
6.0,74,2012,1,4,92
7.0,76,2012,1,4,100
8.0,99,2012,0,4,133
9.0,104,2012,1,4,148
,38,2012,0,5,53
1.0,130,2012,0,5,164
2.0,88,2012,1,5,105
3.0,129,2012,0,5,171
4.0,89,2012,0,5,113
5.0,108,2012,0,5,140
6.0,109,2012,2,5,139
7.0,104,2012,2,5,140
8.0,124,2012,0,5,181
9.0,128,2012,0,5,178
,39,2012,0,6,50
1.0,107,2012,0,6,139
2.0,71,2012,0,6,85
3.0,124,2012,0,6,159
4.0,101,2012,0,6,131
5.0,112,2012,3,6,158
6.0,88,2012,2,6,114
7.0,89,2012,1,6,118
8.0,112,2012,1,6,141
9.0,132,2012,0,6,187
,37,2012,0,7,48
1.0,107,2012,0,7,120
2.0,70,2012,0,7,96
3.0,128,2012,0,7,163
4.0,86,2012,2,7,99
5.0,93,2012,0,7,120
6.0,71,2012,0,7,90
7.0,105,2012,2,7,136
8.0,105,2012,1,7,139
9.0,100,2012,1,7,130
,33,2012,0,8,60
1.0,41,2012,0,8,50
2.0,39,2012,0,8,57
3.0,68,2012,1,8,90
4.0,47,2012,0,8,71
5.0,50,2012,0,8,70
6.0,49,2012,0,8,65
7.0,44,2012,0,8,54
8.0,82,2012,1,8,111
9.0,65,2012,0,8,91
,34,2012,0,9,53
1.0,95,2012,0,9,116
2.0,57,2012,0,9,67
3.0,107,2012,2,9,138
4.0,94,2012,0,9,111
5.0,91,2012,0,9,140
6.0,71,2012,1,9,93
7.0,84,2012,1,9,114
8.0,106,2012,0,9,127
9.0,115,2012,0,9,152
,46,2012,0,10,65
1.0,133,2012,1,10,173
2.0,84,2012,2,10,99
3.0,123,2012,1,10,177
4.0,93,2012,0,10,121
5.0,116,2012,2,10,147
6.0,105,2012,0,10,142
7.0,117,2012,0,10,148
8.0,144,2012,0,10,174
9.0,131,2012,0,10,173
,43,2012,0,11,57
1.0,120,2012,0,11,157
2.0,51,2012,0,11,61
3.0,126,2012,0,11,178
4.0,106,2012,1,11,151
5.0,105,2012,0,11,149
6.0,79,2012,1,11,101
7.0,99,2012,0,11,133
8.0,140,2012,2,11,182
9.0,130,2012,0,11,180
,26,2012,0,12,32
1.0,126,2012,0,12,161
2.0,51,2012,0,12,61
3.0,104,2012,0,12,142
4.0,57,2012,1,12,67
5.0,76,2012,1,12,107
6.0,65,2012,0,12,86
7.0,77,2012,0,12,101
8.0,100,2012,1,12,120
9.0,104,2012,1,12,151
,42,2013,2,1,55
1.0,72,2013,0,1,100
2.0,35,2013,0,1,47
3.0,95,2013,0,1,117
4.0,74,2013,1,1,91
5.0,68,2013,0,1,91
6.0,73,2013,1,1,96
7.0,66,2013,0,1,86
8.0,96,2013,0,1,130
9.0,86,2013,0,1,130
,48,2013,0,2,61
1.0,62,2013,0,2,87
2.0,45,2013,0,2,62
3.0,79,2013,1,2,98
4.0,77,2013,0,2,95
5.0,53,2013,0,2,70
6.0,75,2013,0,2,105
7.0,61,2013,0,2,74
8.0,73,2013,0,2,93
9.0,103,2013,1,2,135
,41,2013,0,3,54
1.0,88,2013,0,3,111
2.0,44,2013,0,3,65
3.0,99,2013,0,3,151
4.0,79,2013,1,3,111
5.0,90,2013,0,3,127
6.0,58,2013,1,3,77
7.0,71,2013,0,3,83
8.0,92,2013,0,3,112
9.0,93,2013,0,3,120
,37,2013,0,4,42
1.0,90,2013,0,4,118
2.0,44,2013,0,4,56
3.0,87,2013,0,4,121
4.0,64,2013,1,4,87
5.0,91,2013,0,4,121
6.0,76,2013,0,4,100
7.0,80,2013,1,4,108
8.0,113,2013,0,4,150
9.0,95,2013,0,4,125
,33,2013,0,5,36
1.0,115,2013,1,5,143
2.0,52,2013,0,5,63
3.0,111,2013,0,5,149
4.0,90,2013,0,5,122
5.0,74,2013,0,5,101
6.0,90,2013,0,5,119
7.0,100,2013,0,5,132
8.0,112,2013,0,5,156
9.0,109,2013,0,5,147
,45,2013,0,6,57
1.0,112,2013,0,6,128
2.0,64,2013,0,6,85
3.0,104,2013,0,6,134
4.0,98,2013,0,6,135
5.0,109,2013,0,6,144
6.0,94,2013,0,6,129
7.0,115,2013,1,6,139
8.0,96,2013,1,6,138
9.0,130,2013,0,6,178
9.0,102,2013,1,9,136
,51,2013,0,10,68
1.0,132,2013,0,10,164
2.0,68,2013,0,10,87
3.0,118,2013,0,10,148
4.0,99,2013,0,10,135
5.0,94,2013,0,10,134
6.0,92,2013,3,10,121
7.0,115,2013,0,10,157
8.0,100,2013,1,10,149
9.0,125,2013,0,10,158
,53,2013,1,11,71
1.0,117,2013,0,11,148
2.0,56,2013,0,11,74
3.0,104,2013,1,11,127
4.0,64,2013,0,11,79
5.0,82,2013,0,11,99
6.0,83,2013,0,11,114
7.0,92,2013,0,11,128
8.0,100,2013,0,11,122
9.0,107,2013,2,11,130
,54,2013,0,12,74
1.0,93,2013,1,12,109
2.0,50,2013,0,12,70
3.0,98,2013,1,12,122
4.0,68,2013,0,12,92
5.0,62,2013,0,12,77
6.0,70,2013,0,12,99
7.0,71,2013,0,12,89
8.0,111,2013,1,12,147
9.0,105,2013,0,12,154
,54,2014,0,1,76
1.0,84,2014,0,1,108
2.0,44,2014,0,1,58
3.0,66,2014,0,1,85
4.0,62,2014,0,1,88
5.0,53,2014,0,1,75
6.0,58,2014,0,1,80
7.0,75,2014,0,1,97
8.0,63,2014,1,1,74
9.0,77,2014,1,1,95
,27,2014,0,2,33
1.0,92,2014,0,2,110
2.0,37,2014,0,2,50
3.0,86,2014,0,2,103
4.0,64,2014,0,2,81
5.0,74,2014,1,2,108
6.0,65,2014,1,2,80
7.0,70,2014,0,2,97
8.0,75,2014,0,2,115
9.0,94,2014,0,2,122
,37,2014,0,3,43
1.0,89,2014,0,3,108
2.0,48,2014,0,3,67
3.0,87,2014,0,3,114
4.0,53,2014,1,3,70
5.0,82,2014,0,3,104
6.0,68,2014,0,3,95
7.0,89,2014,0,3,115
8.0,102,2014,0,3,119
9.0,104,2014,1,3,144
,57,2014,0,4,74
1.0,93,2014,0,4,113
2.0,54,2014,0,4,67
3.0,91,2014,0,4,110
4.0,86,2014,1,4,117
5.0,78,2014,0,4,99
6.0,71,2014,0,4,97
7.0,92,2014,1,4,112
8.0,113,2014,0,4,143
9.0,102,2014,2,4,148
,37,2014,0,5,45
1.0,120,2014,1,5,143
2.0,53,2014,0,5,58
3.0,96,2014,1,5,123
4.0,80,2014,0,5,108
5.0,88,2014,0,5,108
6.0,77,2014,0,5,103
7.0,97,2014,2,5,121
8.0,133,2014,1,5,157
9.0,105,2014,1,5,129
,41,2014,1,6,52
1.0,103,2014,0,6,126
2.0,69,2014,0,6,91
3.0,98,2014,0,6,132
4.0,81,2014,4,6,96
5.0,78,2014,0,6,116
6.0,69,2014,1,6,93
7.0,96,2014,0,6,121
8.0,94,2014,0,6,121
9.0,95,2014,0,6,131
,46,2014,0,7,68
1.0,103,2014,0,7,125
2.0,50,2014,0,7,63
3.0,92,2014,1,7,117
4.0,78,2014,1,7,111
5.0,68,2014,0,7,94
6.0,70,2014,1,7,95
7.0,84,2014,1,7,122
8.0,102,2014,1,7,127
9.0,76,2014,1,7,94
,23,2014,1,8,31
1.0,29,2014,0,8,40
2.0,23,2014,0,8,29
3.0,44,2014,0,8,60
4.0,42,2014,0,8,59
5.0,41,2014,0,8,63
6.0,31,2014,0,8,38
7.0,36,2014,0,8,47
8.0,54,2014,0,8,79
9.0,53,2014,0,8,64
,55,2014,1,9,73
1.0,70,2014,0,9,97
2.0,39,2014,0,9,48
3.0,104,2014,0,9,129
4.0,80,2014,0,9,99
5.0,79,2014,0,9,103
6.0,79,2014,0,9,110
7.0,82,2014,1,9,99
8.0,96,2014,1,9,123
9.0,101,2014,0,9,140
,76,2014,0,10,93
1.0,110,2014,2,10,142
2.0,59,2014,0,10,74
3.0,92,2014,0,10,117
4.0,87,2014,0,10,124
5.0,74,2014,1,10,89
6.0,83,2014,0,10,113
7.0,93,2014,0,10,127
8.0,105,2014,0,10,136
9.0,96,2014,0,10,128
,106,2014,0,11,149
1.0,75,2014,0,11,89
2.0,51,2014,0,11,63
3.0,76,2014,0,11,97
4.0,65,2014,0,11,79
5.0,71,2014,1,11,95
6.0,58,2014,0,11,68
7.0,62,2014,1,11,88
8.0,84,2014,0,11,104
9.0,82,2014,0,11,113
,114,2014,0,12,155
1.0,71,2014,1,12,102
2.0,40,2014,0,12,49
3.0,76,2014,0,12,102
4.0,55,2014,1,12,65
5.0,53,2014,0,12,79
6.0,49,2014,0,12,57
7.0,68,2014,0,12,76
8.0,69,2014,0,12,86
9.0,84,2014,0,12,117
,161,2015,1,1,213
1.0,49,2015,0,1,57
2.0,26,2015,0,1,40
3.0,67,2015,0,1,77
4.0,50,2015,0,1,71
5.0,39,2015,0,1,59
6.0,52,2015,0,1,62
7.0,53,2015,1,1,67
8.0,77,2015,0,1,92
9.0,78,2015,0,1,107
,415,2015,2,2,536
1.0,23,2015,0,2,29
2.0,26,2015,0,2,32
3.0,33,2015,0,2,39
4.0,21,2015,0,2,33
5.0,21,2015,0,2,25
6.0,17,2015,2,2,25
7.0,24,2015,1,2,30
8.0,21,2015,0,2,24
9.0,30,2015,1,2,38
,36,2015,0,3,58
1.0,93,2015,1,3,120
2.0,55,2015,1,3,69
3.0,106,2015,1,3,134
4.0,54,2015,1,3,75
5.0,62,2015,0,3,88
6.0,75,2015,0,3,106
7.0,72,2015,0,3,104
8.0,83,2015,1,3,106
9.0,88,2015,0,3,107
,32,2015,0,4,47
1.0,89,2015,0,4,106
2.0,50,2015,0,4,69
3.0,108,2015,1,4,139
4.0,80,2015,0,4,120
5.0,72,2015,0,4,87
6.0,59,2015,0,4,85
7.0,86,2015,1,4,104
8.0,82,2015,0,4,117
9.0,105,2015,0,4,127
,48,2015,1,5,54
1.0,106,2015,0,5,144
2.0,43,2015,1,5,58
3.0,82,2015,0,5,106
4.0,86,2015,0,5,114
5.0,74,2015,0,5,105
6.0,80,2015,0,5,96
7.0,85,2015,2,5,121
8.0,117,2015,1,5,154
9.0,105,2015,0,5,146
,37,2015,0,6,51
1.0,87,2015,0,6,111
2.0,50,2015,0,6,62
3.0,106,2015,2,6,132
4.0,73,2015,1,6,93
5.0,67,2015,1,6,88
6.0,77,2015,0,6,108
7.0,86,2015,1,6,110
8.0,114,2015,1,6,161
9.0,95,2015,1,6,124
,47,2015,0,7,66
1.0,91,2015,0,7,113
2.0,64,2015,0,7,89
3.0,97,2015,0,7,131
4.0,81,2015,0,7,103
5.0,92,2015,1,7,110
6.0,81,2015,0,7,93
7.0,68,2015,0,7,89
8.0,84,2015,0,7,108
9.0,103,2015,1,7,137
,19,2015,1,8,22
1.0,34,2015,0,8,39
2.0,29,2015,0,8,40
3.0,42,2015,0,8,52
4.0,34,2015,0,8,44
5.0,53,2015,0,8,85
6.0,31,2015,0,8,37
7.0,44,2015,0,8,65
8.0,48,2015,1,8,57
9.0,51,2015,1,8,65
,49,2015,0,9,59
1.0,89,2015,1,9,115
2.0,37,2015,0,9,49
3.0,81,2015,0,9,102
4.0,83,2015,1,9,111
5.0,70,2015,0,9,95
6.0,78,2015,0,9,107
7.0,89,2015,1,9,113
8.0,94,2015,0,9,124
9.0,94,2015,0,9,117
,40,2015,0,10,49
1.0,99,2015,1,10,134
2.0,60,2015,0,10,75
3.0,130,2015,1,10,165
4.0,77,2015,0,10,102
5.0,81,2015,1,10,101
6.0,74,2015,0,10,112
7.0,89,2015,0,10,114
8.0,121,2015,1,10,165
9.0,110,2015,2,10,152
,26,2015,0,11,31
1.0,117,2015,0,11,142
2.0,54,2015,1,11,65
3.0,82,2015,0,11,97
4.0,76,2015,0,11,103
5.0,62,2015,0,11,87
6.0,80,2015,1,11,104
7.0,83,2015,1,11,108
8.0,104,2015,0,11,136
9.0,92,2015,0,11,115
,28,2015,1,12,36
1.0,92,2015,0,12,106
2.0,28,2015,0,12,40
3.0,66,2015,1,12,82
4.0,71,2015,0,12,92
5.0,61,2015,0,12,82
6.0,60,2015,1,12,83
7.0,66,2015,0,12,84
8.0,71,2015,0,12,106
9.0,82,2015,2,12,104
,33,2016,0,1,40
1.0,78,2016,1,1,85
2.0,37,2016,0,1,51
3.0,67,2016,0,1,83
4.0,63,2016,0,1,87
5.0,64,2016,1,1,84
6.0,43,2016,0,1,55
7.0,90,2016,2,1,118
8.0,77,2016,2,1,111
9.0,85,2016,1,1,130
,48,2016,0,2,73
1.0,102,2016,0,2,140
2.0,52,2016,0,2,60
3.0,77,2016,0,2,101
4.0,70,2016,0,2,95
5.0,65,2016,0,2,90
6.0,46,2016,0,2,56
7.0,66,2016,0,2,95
8.0,75,2016,0,2,111
9.0,105,2016,1,2,149
,35,2016,0,3,45
1.0,83,2016,0,3,113
2.0,53,2016,0,3,73
3.0,73,2016,0,3,100
4.0,71,2016,1,3,94
5.0,64,2016,0,3,87
6.0,71,2016,1,3,98
7.0,82,2016,0,3,112
8.0,93,2016,0,3,131
9.0,103,2016,0,3,158
,39,2016,0,4,53
1.0,84,2016,0,4,104
2.0,45,2016,0,4,62
3.0,111,2016,2,4,139
4.0,87,2016,0,4,119
5.0,69,2016,0,4,97
6.0,73,2016,0,4,96
7.0,106,2016,0,4,134
8.0,114,2016,0,4,139
9.0,93,2016,0,4,130
,36,2016,0,5,43
1.0,93,2016,0,5,128
2.0,60,2016,0,5,80
3.0,114,2016,0,5,147
4.0,76,2016,1,5,101
5.0,97,2016,1,5,132
6.0,64,2016,0,5,90
7.0,98,2016,0,5,127
8.0,106,2016,0,5,154
9.0,122,2016,0,5,166
,46,2016,0,6,53
1.0,95,2016,1,6,112
2.0,48,2016,0,6,59
3.0,98,2016,0,6,127
4.0,74,2016,0,6,102
5.0,70,2016,1,6,96
6.0,61,2016,0,6,75
7.0,79,2016,0,6,100
8.0,92,2016,0,6,121
9.0,104,2016,3,6,142
,32,2016,2,7,38
1.0,84,2016,0,7,103
2.0,49,2016,0,7,58
3.0,98,2016,1,7,132
4.0,94,2016,1,7,128
5.0,82,2016,0,7,100
6.0,75,2016,0,7,105
7.0,69,2016,0,7,90
8.0,93,2016,0,7,138
9.0,94,2016,0,7,122
,18,2016,0,8,26
1.0,36,2016,0,8,41
2.0,33,2016,0,8,49
3.0,52,2016,0,8,69
4.0,56,2016,0,8,80
5.0,48,2016,0,8,61
6.0,30,2016,0,8,42
7.0,59,2016,1,8,70
8.0,38,2016,0,8,53
9.0,59,2016,0,8,94
,45,2016,1,9,54
1.0,93,2016,0,9,120
2.0,48,2016,1,9,53
3.0,85,2016,0,9,110
4.0,78,2016,2,9,103
5.0,83,2016,0,9,120
6.0,67,2016,0,9,95
7.0,87,2016,1,9,130
8.0,84,2016,0,9,109
9.0,104,2016,0,9,133
,51,2016,0,10,80
1.0,97,2016,0,10,118
2.0,49,2016,0,10,67
3.0,94,2016,0,10,116
4.0,95,2016,1,10,110
5.0,84,2016,0,10,107
6.0,79,2016,0,10,108
7.0,104,2016,1,10,140
8.0,120,2016,1,10,144
9.0,100,2016,0,10,121
,59,2016,0,11,81
1.0,92,2016,0,11,118
2.0,49,2016,0,11,67
3.0,89,2016,0,11,119
4.0,80,2016,3,11,96
5.0,93,2016,0,11,121
6.0,65,2016,0,11,83
7.0,77,2016,1,11,104
8.0,101,2016,1,11,140
9.0,114,2016,3,11,151
,38,2016,0,12,51
1.0,72,2016,0,12,87
2.0,43,2016,0,12,62
3.0,71,2016,0,12,86
4.0,44,2016,0,12,61
5.0,58,2016,1,12,80
6.0,47,2016,2,12,57
7.0,61,2016,1,12,77
8.0,67,2016,1,12,81
9.0,79,2016,0,12,109
